City_ID,City,Country,Lat,Lng,Max Temp,Humidity,Cloudiness,Wind Speed,Current Description
0,Cidreira,BR,-30.1811,-50.2056,48.76,63,6,18.16,clear sky
1,Hermanus,ZA,-34.4187,19.2345,61.81,46,66,7.29,broken clouds
2,Lasa,IT,46.6166,10.7002,65.28,79,0,4.99,clear sky
3,Puerto Ayora,EC,-0.7393,-90.3518,76.96,92,53,8.01,broken clouds
4,Hobart,AU,-42.8794,147.3294,40.86,78,40,17.27,scattered clouds
5,Sisimiut,GL,66.9395,-53.6735,41.86,69,30,13.96,scattered clouds
6,Bluff,NZ,-46.6,168.3333,39.79,77,100,10.27,overcast clouds
7,Belaya Gora,RU,68.5333,146.4167,65.7,38,1,11.72,clear sky
8,Barrow,US,71.2906,-156.7887,32.02,80,100,12.66,overcast clouds
9,Bambous Virieux,MU,-20.3428,57.7575,68.25,94,75,3.44,light rain
10,Flinders,AU,-34.5833,150.8552,56.37,61,0,5.99,clear sky
11,Linhares,BR,-19.3911,-40.0722,70.09,86,95,6.6,overcast clouds
12,Scarborough,GB,54.2797,-0.4044,56.79,81,4,4.0,clear sky
13,Nikolskoye,RU,59.7035,30.7861,60.69,74,40,3.67,scattered clouds
14,Punta Arenas,CL,-53.15,-70.9167,41.11,93,75,5.75,broken clouds
15,Torbay,CA,47.6666,-52.7314,66.97,55,40,20.71,scattered clouds
16,Avarua,CK,-21.2078,-159.775,78.85,65,75,17.27,broken clouds
17,Cape Town,ZA,-33.9258,18.4232,66.88,52,93,5.99,overcast clouds
18,East London,ZA,-33.0153,27.9116,71.89,30,44,14.09,scattered clouds
19,Khatanga,RU,71.9667,102.5,48.4,62,92,9.4,overcast clouds
20,Jamestown,US,42.097,-79.2353,71.19,84,53,6.04,broken clouds
21,Galt,US,38.2546,-121.3,101.68,34,3,17.72,clear sky
22,La Paz,BO,-16.5,-68.15,51.78,14,0,2.3,clear sky
23,Hof,DE,50.3167,11.9167,62.51,70,42,1.14,scattered clouds
24,Adrar,MR,20.5022,-10.0711,95.63,10,84,10.33,broken clouds
25,Kidal,ML,18.4411,1.4078,89.24,28,98,4.99,overcast clouds
26,Mataura,NZ,-46.1927,168.8643,39.47,86,98,3.13,light rain
27,Vardo,NO,70.3705,31.1107,53.58,66,75,17.27,broken clouds
28,Barcelos,PT,41.5388,-8.6151,74.68,79,0,2.62,clear sky
29,Mar Del Plata,AR,-38.0023,-57.5575,48.94,85,0,7.0,clear sky
30,Ushuaia,AR,-54.8,-68.3,49.66,66,75,8.05,drizzle
31,Teknaf,BD,20.8624,92.3058,78.73,92,30,6.89,scattered clouds
32,Busselton,AU,-33.65,115.3333,62.87,86,47,15.26,scattered clouds
33,Rikitea,PF,-23.1203,-134.9692,73.74,76,35,11.68,light rain
34,Mahebourg,MU,-20.4081,57.7,68.29,94,75,3.44,broken clouds
35,Albany,US,42.6001,-73.9662,75.02,57,100,1.99,overcast clouds
36,Callaway,US,30.153,-85.5699,84.97,75,0,10.36,clear sky
37,Vaini,TO,-21.2,-175.2,82.56,78,20,11.5,few clouds
38,Mahibadhoo,MV,3.7833,72.9667,82.99,75,100,11.54,overcast clouds
39,Tiksi,RU,71.6872,128.8694,39.45,70,65,7.85,broken clouds
40,Bredasdorp,ZA,-34.5322,20.0403,60.44,36,82,4.23,broken clouds
41,Yasnyy,RU,51.0333,59.8742,57.15,86,98,8.14,overcast clouds
42,Sechura,PE,-5.5569,-80.8222,68.79,69,17,16.91,few clouds
43,Tamiahua,MX,21.2667,-97.45,86.61,64,12,14.61,few clouds
44,Labuhan,ID,-6.8844,112.2051,77.94,89,99,5.59,overcast clouds
45,Marihatag,PH,8.7936,126.2969,79.2,86,98,1.81,overcast clouds
46,Saint-Philippe,RE,-21.3585,55.7679,65.79,81,50,11.63,light rain
47,Port Hedland,AU,-20.3167,118.5667,64.45,82,9,10.36,clear sky
48,Half Moon Bay,US,37.4636,-122.4286,95.54,72,0,25.32,clear sky
49,Kapaa,US,22.0752,-159.319,82.47,73,20,16.11,few clouds
50,Yellowknife,CA,62.456,-114.3525,66.72,55,75,17.27,broken clouds
51,College,US,64.8569,-147.8028,70.59,40,40,5.75,scattered clouds
52,Hilo,US,19.7297,-155.09,83.28,79,40,4.61,scattered clouds
53,Paraopeba,BR,-19.2757,-44.4033,66.02,78,98,3.4,light rain
54,Pereira,CO,4.8133,-75.6961,70.95,83,75,6.91,light intensity drizzle
55,Meulaboh,ID,4.1363,96.1285,75.31,89,100,3.74,overcast clouds
56,Carballo,ES,43.213,-8.691,66.0,93,93,12.1,overcast clouds
57,Port Elizabeth,ZA,-33.918,25.5701,72.1,33,0,9.22,clear sky
58,Samarai,PG,-10.6167,150.6667,81.48,77,93,8.08,overcast clouds
59,Morondava,MG,-20.2833,44.2833,69.08,57,0,8.32,clear sky
60,Isangel,VU,-19.55,169.2667,78.91,94,75,2.3,broken clouds
61,Butaritari,KI,3.0707,172.7902,82.02,75,50,12.21,scattered clouds
62,Strezhevoy,RU,60.7333,77.5889,53.85,97,64,7.34,broken clouds
63,Pevek,RU,69.7008,170.3133,41.4,55,78,5.84,broken clouds
64,Olafsvik,IS,64.8945,-23.7142,46.0,85,100,8.97,overcast clouds
65,Ferme-Neuve,CA,46.7001,-75.4493,66.58,57,80,8.08,broken clouds
66,Kahului,US,20.8947,-156.47,86.02,62,40,32.21,scattered clouds
67,Manokwari,ID,-0.8667,134.0833,81.37,63,53,0.45,broken clouds
68,Luderitz,NA,-26.6481,15.1594,64.38,47,35,4.7,scattered clouds
69,Bengkulu,ID,-3.8004,102.2655,74.91,93,100,14.2,light rain
70,Leticia,CO,-4.2153,-69.9406,77.05,73,75,5.75,broken clouds
71,Ambovombe,MG,-25.1667,46.0833,67.19,84,4,14.99,clear sky
72,Esperance,AU,-33.8667,121.9,57.11,77,83,14.27,broken clouds
73,Victoria,HK,22.2855,114.1577,83.25,93,98,5.99,heavy intensity rain
74,Harer,ET,9.3094,42.1258,61.12,69,79,6.29,broken clouds
75,Dingle,PH,10.9995,122.6711,79.83,84,94,2.44,overcast clouds
76,Labis,MY,2.385,103.021,73.0,97,100,1.03,overcast clouds
77,Port Alfred,ZA,-33.5906,26.891,67.12,37,67,14.2,broken clouds
78,Arlit,NE,18.7369,7.3853,86.04,30,68,3.69,broken clouds
79,Rawson,AR,-43.3002,-65.1023,54.0,46,100,9.78,overcast clouds
80,Faanui,PF,-16.4833,-151.75,79.36,77,25,16.04,moderate rain
81,Chara,RU,56.9064,118.2631,57.87,73,100,2.57,light rain
82,Berea,US,41.3662,-81.8543,75.25,60,75,10.36,broken clouds
83,Mayo,US,38.8876,-76.5119,72.18,82,100,3.44,overcast clouds
84,Namatanai,PG,-3.6667,152.4333,83.43,68,9,9.42,clear sky
85,Lagoa,PT,39.05,-27.9833,61.02,82,75,13.04,broken clouds
86,Matara,LK,5.9485,80.5353,77.65,89,100,9.82,overcast clouds
87,Coihaique,CL,-45.5752,-72.0662,32.61,93,100,2.3,overcast clouds
88,Moose Factory,CA,51.2585,-80.6094,59.0,72,100,6.91,overcast clouds
89,Nanortalik,GL,60.1432,-45.2371,43.92,87,100,17.13,light rain
90,Sitka,US,57.0531,-135.33,51.69,71,100,21.85,overcast clouds
91,Teguise,ES,29.0605,-13.564,68.22,78,75,14.97,broken clouds
92,Ambon,ID,-3.6954,128.1814,77.14,94,20,3.44,few clouds
93,Salinopolis,BR,-0.6136,-47.3561,78.44,85,46,9.28,scattered clouds
94,Sinnamary,GF,5.3833,-52.95,77.43,87,34,7.49,scattered clouds
95,San Jose,US,37.3394,-121.895,95.9,42,20,20.71,few clouds
96,Doha,QA,25.2867,51.5333,94.98,27,0,17.27,clear sky
97,Jawhar,SO,2.7809,45.5005,75.67,86,77,12.75,broken clouds
98,Talcahuano,CL,-36.7167,-73.1167,49.68,93,100,4.61,overcast clouds
99,Mehran,IR,33.1222,46.1646,87.67,16,0,13.38,clear sky
100,Kodinsk,RU,58.6881,99.1844,60.22,57,83,3.85,broken clouds
101,Saskylakh,RU,71.9167,114.0833,56.41,47,5,10.54,clear sky
102,Kodiak,US,57.79,-152.4072,56.71,67,0,8.05,clear sky
103,Banjar,ID,-8.19,114.9675,77.52,86,100,2.55,overcast clouds
104,Castro,BR,-24.7911,-50.0119,43.36,67,99,2.77,overcast clouds
105,Pangnirtung,CA,66.1451,-65.7125,34.23,93,96,3.24,overcast clouds
106,Mpanda,TZ,-6.3655,31.0409,68.5,58,69,4.63,broken clouds
107,Ishinomaki,JP,38.4167,141.3,60.8,96,100,8.5,moderate rain
108,Belluno,IT,46.145,12.2214,66.9,75,8,1.01,clear sky
109,Zaysan,KZ,47.4667,84.8667,70.09,46,75,4.54,broken clouds
110,Saint George,US,37.1041,-113.5841,107.64,7,0,17.27,clear sky
111,Narasaraopet,IN,16.25,80.0667,89.65,51,96,8.97,overcast clouds
112,Bertoua,CM,4.5833,13.6833,67.28,96,49,2.26,light rain
113,Saint Anthony,US,45.0205,-93.218,78.85,58,75,10.36,broken clouds
114,Mandalgovi,MN,45.7625,106.2708,51.49,73,100,23.26,overcast clouds
115,Manavalakurichi,IN,8.1333,77.3,78.91,83,98,11.79,overcast clouds
116,Trapani,IT,37.8333,12.6667,71.69,83,75,9.22,broken clouds
117,Hoshcha,UA,50.6003,26.6744,58.82,97,74,7.4,broken clouds
118,Emerald,AU,-23.5333,148.1667,51.35,69,100,14.36,overcast clouds
119,Yaan,NG,7.3833,8.5667,74.07,94,69,7.65,broken clouds
120,Concordia,AR,-31.393,-58.0209,45.79,76,0,4.65,clear sky
121,Warrnambool,AU,-38.3833,142.4833,50.81,76,100,18.03,overcast clouds
122,Omboue,GA,-1.5746,9.2618,75.16,90,7,3.0,clear sky
123,Marevo,RU,57.3146,32.0804,55.94,95,8,2.68,clear sky
124,Padang,ID,-0.9492,100.3543,69.85,92,100,2.89,moderate rain
125,New Norfolk,AU,-42.7826,147.0587,40.71,85,87,7.74,overcast clouds
126,Kandalaksha,RU,67.162,32.4123,50.74,76,100,4.9,overcast clouds
127,Georgetown,MY,5.4112,100.3354,76.95,93,40,2.3,scattered clouds
128,Kavieng,PG,-2.5744,150.7967,84.47,66,3,14.0,clear sky
129,Velingara,SN,13.15,-14.1167,84.09,60,88,7.14,overcast clouds
130,Ancud,CL,-41.8697,-73.8203,49.23,88,100,7.61,overcast clouds
131,Arraial Do Cabo,BR,-22.9661,-42.0278,67.28,78,100,11.3,overcast clouds
132,San Patricio,US,28.017,-97.5169,101.12,51,2,19.46,clear sky
133,Pawai,IN,24.2667,80.1667,90.91,38,14,13.09,few clouds
134,Quatre Cocos,MU,-20.2078,57.7625,68.11,79,93,17.74,light rain
135,Ahuimanu,US,21.4447,-157.8378,89.31,59,20,20.71,few clouds
136,Xai-Xai,MZ,-25.0519,33.6442,61.47,86,0,5.91,clear sky
137,Batagay-Alyta,RU,67.8006,130.4114,59.25,40,100,8.03,overcast clouds
138,Havoysund,NO,70.9963,24.6622,50.23,92,100,9.42,overcast clouds
139,Koutiala,ML,12.3917,-5.4642,89.62,36,76,11.83,broken clouds
140,Chokurdakh,RU,70.6333,147.9167,60.94,30,61,11.7,broken clouds
141,Fare,PF,-16.7,-151.0167,79.5,76,21,15.32,moderate rain
142,Kruisfontein,ZA,-34.0033,24.7314,69.89,21,97,16.91,overcast clouds
143,Atuona,PF,-9.8,-139.0333,77.79,66,12,14.0,few clouds
144,Polyanka,UA,50.2584,27.6881,59.86,99,84,7.07,light rain
145,Qaanaaq,GL,77.484,-69.3632,30.24,77,100,2.26,overcast clouds
146,Norman Wells,CA,65.282,-126.8329,55.44,71,100,18.41,overcast clouds
147,Murray,US,40.6669,-111.888,94.75,22,0,12.66,clear sky
148,Tual,ID,-5.6667,132.75,82.36,76,65,6.67,broken clouds
149,Tuktoyaktuk,CA,69.4541,-133.0374,41.0,81,100,10.36,overcast clouds
150,Thompson,CA,55.7435,-97.8558,71.76,30,40,8.05,scattered clouds
151,Kaitangata,NZ,-46.2817,169.8464,44.85,64,100,10.11,overcast clouds
152,Marawi,PH,7.9986,124.2928,72.25,87,71,1.05,broken clouds
153,Pozo Colorado,PY,-23.4923,-58.7972,48.92,50,0,5.41,clear sky
154,Codrington,AU,-38.2667,141.9667,52.02,74,100,16.2,overcast clouds
155,Sinop,TR,41.7711,34.8709,61.74,93,100,11.01,overcast clouds
156,Luang Prabang,LA,19.8856,102.1347,72.95,98,95,1.88,overcast clouds
157,Bethel,US,41.3712,-73.414,73.78,63,100,5.75,overcast clouds
158,Sistranda,NO,63.7256,8.834,53.56,91,100,5.46,light rain
159,Xining,CN,36.6167,101.7667,51.28,76,98,1.92,overcast clouds
160,Carnarvon,AU,-24.8667,113.6333,70.14,68,2,10.92,clear sky
161,Msanga,TZ,-6.05,36.0333,67.44,68,100,6.38,overcast clouds
162,Campbell River,CA,50.0163,-125.2446,63.45,67,75,13.8,broken clouds
163,Atar,MR,20.5169,-13.0499,95.49,15,9,10.78,clear sky
164,Wairoa,NZ,-39.0333,177.3667,58.55,75,96,4.0,moderate rain
165,Sambava,MG,-14.2667,50.1667,69.28,84,82,12.73,broken clouds
166,Le Port,RE,-20.9373,55.2919,67.96,75,55,5.37,broken clouds
167,Uglich,RU,57.5275,38.3317,49.55,91,8,5.86,clear sky
168,Celestun,MX,20.8667,-90.4,83.8,69,11,14.67,few clouds
169,Yulara,AU,-25.2406,130.9889,45.68,63,3,7.2,clear sky
170,Ambilobe,MG,-13.2,49.05,66.54,84,35,3.53,scattered clouds
171,Arroyo,ES,41.6096,-4.7969,68.04,68,20,10.36,few clouds
172,Meridian,US,43.6121,-116.3915,87.85,39,20,10.36,few clouds
173,Honningsvag,NO,70.9821,25.9704,49.75,93,100,2.3,overcast clouds
174,Havre-Saint-Pierre,CA,50.2334,-63.5986,59.36,77,0,17.27,clear sky
175,Shirokiy,RU,49.758,129.523,64.98,68,3,5.3,clear sky
176,Nuevo Progreso,MX,23.1667,-97.95,93.54,50,0,4.0,clear sky
177,Dikson,RU,73.5069,80.5464,39.11,80,100,9.4,overcast clouds
178,Beyneu,KZ,45.3167,55.2,73.69,39,0,8.84,clear sky
179,Valparaiso,CL,-33.0393,-71.6273,54.48,92,100,6.91,fog
180,Todos Santos,MX,23.45,-110.2167,75.0,60,5,7.49,clear sky
181,Upernavik,GL,72.7868,-56.1549,30.43,80,48,15.17,scattered clouds
182,Cayenne,GF,4.9333,-52.3333,81.09,1,0,4.61,clear sky
183,Urengoy,RU,65.9667,78.3667,62.44,61,99,17.47,overcast clouds
184,Cabo San Lucas,MX,22.8909,-109.9124,92.61,61,3,14.92,clear sky
185,Malakal,SS,9.5334,31.6605,79.25,56,99,3.24,overcast clouds
186,Kudahuvadhoo,MV,2.6708,72.8944,82.17,75,100,11.01,overcast clouds
187,Pueblo,US,38.2545,-104.6091,102.49,15,0,6.91,clear sky
188,Sicula,RO,46.4333,21.75,68.0,89,54,10.45,broken clouds
189,Belgaum,IN,15.8667,74.5,69.28,91,99,5.68,overcast clouds
190,Lebu,CL,-37.6167,-73.65,50.22,82,100,3.31,overcast clouds
191,Tandil,AR,-37.3217,-59.1332,39.69,46,21,3.65,few clouds
192,Bowen,AU,-20.0167,148.2333,59.29,57,100,5.73,overcast clouds
193,Tasiilaq,GL,65.6145,-37.6368,37.56,72,8,0.98,clear sky
194,Nuuk,GL,64.1835,-51.7216,47.01,71,100,10.36,overcast clouds
195,Waingapu,ID,-9.6567,120.2641,77.04,82,96,11.25,overcast clouds
196,Constitucion,CL,-35.3333,-72.4167,51.94,66,55,1.21,broken clouds
197,Petropavlovsk-Kamchatskiy,RU,53.0452,158.6483,60.78,51,0,4.47,clear sky
198,Wilmington,US,34.2257,-77.9447,80.51,77,0,9.22,clear sky
199,Hithadhoo,MV,-0.6,73.0833,83.5,72,92,8.84,light rain
200,Wapi Pathum,TH,15.8452,103.3768,82.33,74,100,6.29,overcast clouds
201,Belle Fourche,US,44.6714,-103.8522,82.33,49,100,6.8,overcast clouds
202,Fortuna,US,40.5982,-124.1573,75.9,74,0,14.97,clear sky
203,Pitea,SE,65.3172,21.4794,53.69,80,58,7.72,broken clouds
204,Nantucket,US,41.2835,-70.0995,71.71,87,0,8.05,clear sky
205,Lorengau,PG,-2.0226,147.2712,84.25,66,23,8.75,few clouds
206,Lompoc,US,34.6391,-120.4579,83.59,62,0,11.5,clear sky
207,Bjornevatn,NO,69.6672,29.9847,61.14,51,100,9.22,overcast clouds
208,Plerin,FR,48.5425,-2.7798,54.45,92,0,1.14,clear sky
209,Cherskiy,RU,68.75,161.3,68.18,28,78,6.17,broken clouds
210,Bonavista,CA,48.6499,-53.1147,53.62,79,100,18.66,overcast clouds
211,Vila,PT,42.0304,-8.1588,64.71,79,0,5.19,clear sky
212,Pombas,CV,17.1503,-25.0201,73.18,77,0,9.35,clear sky
213,Iqaluit,CA,63.7506,-68.5145,47.93,49,75,18.41,broken clouds
214,Eyl,SO,7.9803,49.8164,79.47,74,100,25.79,overcast clouds
215,Alice Springs,AU,-23.7,133.8833,40.55,93,19,1.14,few clouds
216,Bairiki,KI,1.3292,172.9752,84.2,74,20,11.5,few clouds
217,Pontianak,ID,-0.0333,109.3333,75.18,100,100,3.44,mist
218,Sarankhola,BD,22.3082,89.7897,82.2,89,40,8.68,scattered clouds
219,Praia,CV,14.9215,-23.5087,75.74,78,20,8.05,few clouds
220,Ilulissat,GL,69.2167,-51.1,37.42,75,40,9.22,scattered clouds
221,Acapulco,MX,16.8634,-99.8901,87.62,62,75,6.91,broken clouds
222,Guasdualito,VE,7.2424,-70.7324,75.16,100,40,6.91,very heavy rain
223,Jizan,SA,17.3333,42.6667,88.74,62,1,0.54,clear sky
224,Mizdah,LY,31.4451,12.9801,65.5,67,0,6.67,clear sky
225,Broome,US,42.2506,-75.833,70.57,55,75,0.0,broken clouds
226,San Matias,BO,-16.3667,-58.4,63.59,66,99,4.16,overcast clouds
227,Huarmey,PE,-10.0681,-78.1522,65.41,82,11,10.98,few clouds
228,Riyadh,SA,24.6877,46.7219,87.94,14,0,6.17,clear sky
229,Mabaruma,GY,8.2,-59.7833,74.12,98,100,3.69,overcast clouds
230,Rocha,UY,-34.4833,-54.3333,49.03,65,81,16.87,broken clouds
231,Paralimni,CY,35.0375,33.9833,75.15,95,24,11.01,few clouds
232,Avera,US,33.194,-82.5271,89.38,47,87,2.35,overcast clouds
233,Airai,TL,-8.9266,125.4092,58.77,81,100,3.09,overcast clouds
234,Harper,LR,4.375,-7.7169,76.17,88,100,6.08,moderate rain
235,Miracema Do Tocantins,BR,-9.5618,-48.3967,80.85,43,86,2.53,overcast clouds
236,Manado,ID,1.487,124.8455,75.97,94,20,2.3,few clouds
237,Vilhena,BR,-12.7406,-60.1458,66.42,82,75,9.22,broken clouds
238,Dhaulpur,IN,26.7,77.9,92.26,29,15,10.67,few clouds
239,Rizal,PH,15.7118,121.1061,80.85,76,60,2.48,broken clouds
240,Freetown,SL,8.484,-13.2299,78.31,80,66,6.87,broken clouds
241,Ngunguru,NZ,-35.6167,174.5,61.45,75,86,19.53,moderate rain
242,Chernyshevskiy,RU,63.0128,112.4714,48.81,66,9,7.0,clear sky
243,Chuy,UY,-33.6971,-53.4616,48.65,67,50,15.97,scattered clouds
244,Broken Hill,AU,-31.95,141.4333,45.14,87,0,9.8,clear sky
245,Iralaya,HN,15.0,-83.2333,77.13,86,100,10.76,overcast clouds
246,Ribeira Grande,PT,38.5167,-28.7,61.99,86,89,14.32,overcast clouds
247,Fairbanks,US,64.8378,-147.7164,70.61,40,0,5.75,clear sky
248,Honiara,SB,-9.4333,159.95,83.7,67,30,4.5,scattered clouds
249,Mount Gambier,AU,-37.8333,140.7667,51.13,79,100,8.75,overcast clouds
250,Sakakah,SA,29.9697,40.2064,85.57,13,0,7.99,clear sky
251,Mashhad,IR,36.297,59.6062,66.34,72,0,4.61,clear sky
252,Hasaki,JP,35.7333,140.8333,66.6,89,100,28.01,light rain
253,Calama,CL,-22.4667,-68.9333,59.49,10,0,14.97,clear sky
254,Artigas,UY,-30.4,-56.4667,41.68,64,0,6.51,clear sky
255,Mungaoli,IN,24.4167,78.1,88.77,41,82,12.03,broken clouds
256,Sukumo,JP,32.9333,132.7333,70.97,79,26,2.71,scattered clouds
257,Phayakkhaphum Phisai,TH,15.5163,103.1937,82.42,72,100,6.42,overcast clouds
258,Shenxian,CN,36.2411,115.6672,78.87,46,100,10.36,heavy intensity rain
259,Paracin,RS,43.8608,21.4078,59.29,97,17,2.89,few clouds
260,Tanout,NE,14.9709,8.8879,86.11,36,57,1.7,broken clouds
261,Tautira,PF,-17.7333,-149.15,78.21,81,58,20.8,light rain
262,Ogaminana,NG,7.5946,6.2248,72.14,96,100,5.08,overcast clouds
263,Igrim,RU,63.1906,64.4162,56.55,91,98,12.28,light rain
264,Tuatapere,NZ,-46.1333,167.6833,39.51,97,99,5.48,moderate rain
265,Cap Malheureux,MU,-19.9842,57.6142,73.53,77,63,20.8,light rain
266,Dubai,AE,25.2582,55.3047,86.25,62,0,9.22,clear sky
267,Alipur,PK,29.3846,70.9116,91.2,44,0,16.8,clear sky
268,Batagay,RU,67.6333,134.6333,64.74,33,19,7.49,few clouds
269,Labytnangi,RU,66.6572,66.4183,57.09,77,53,9.37,broken clouds
270,Port-Gentil,GA,-0.7193,8.7815,76.96,94,20,4.61,few clouds
271,Kurchum,KZ,48.5722,83.6542,66.83,63,100,2.66,overcast clouds
272,Touros,BR,-5.1989,-35.4608,77.41,85,63,7.76,broken clouds
273,Berlevag,NO,70.8578,29.0864,57.0,87,100,4.61,overcast clouds
274,Tulum,MX,20.2167,-87.4667,83.59,68,0,6.55,clear sky
275,Peace River,CA,56.2501,-117.286,71.91,26,20,18.41,few clouds
276,Marystown,CA,47.1666,-55.1483,52.03,87,66,10.54,broken clouds
277,Saint-Joseph,RE,-21.3667,55.6167,62.98,79,26,12.33,scattered clouds
278,Raudeberg,NO,61.9875,5.1352,52.95,89,100,15.97,light rain
279,Hazorasp,UZ,41.3194,61.0742,64.24,35,28,6.82,scattered clouds
280,Pochutla,MX,15.7432,-96.4661,79.83,70,87,6.11,overcast clouds
281,Flores,GT,16.9226,-89.8994,87.75,54,45,8.1,scattered clouds
282,Rhyl,GB,53.3196,-3.4886,58.84,18,12,12.35,few clouds
283,Feicheng,CN,35.2606,117.9675,70.16,65,100,7.61,light rain
284,Souillac,MU,-20.5167,57.5167,68.38,94,75,3.44,broken clouds
285,Zhigansk,RU,66.7697,123.3711,52.39,72,99,11.77,overcast clouds
286,Grevesmuhlen,DE,53.8667,11.1833,57.29,84,5,4.5,clear sky
287,Rio Grande,BR,-32.035,-52.0986,46.51,58,33,18.41,scattered clouds
288,Namibe,AO,-15.1961,12.1522,70.75,50,0,4.38,clear sky
289,Ganzhou,CN,28.8184,115.4327,71.91,93,100,2.82,overcast clouds
290,Lavrentiya,RU,65.5833,-171.0,37.81,64,98,19.62,overcast clouds
291,Santa Maria,BR,-29.6842,-53.8069,43.9,61,0,5.75,clear sky
292,Kardla,EE,58.9978,22.7492,56.05,94,4,8.66,clear sky
293,Kangaatsiaq,GL,68.3065,-53.4641,34.48,86,18,13.31,few clouds
294,Ola,RU,59.5833,151.2833,43.14,94,100,4.65,overcast clouds
295,Prince Rupert,CA,54.3161,-130.3201,51.89,76,100,14.97,overcast clouds
296,Umm Lajj,SA,25.0213,37.2685,85.89,47,0,8.03,clear sky
297,Antofagasta,CL,-23.65,-70.4,58.28,84,27,7.0,scattered clouds
298,Karatsu,JP,33.4425,129.9697,71.49,55,90,7.0,overcast clouds
299,Atasu,KZ,48.6814,71.6433,59.23,49,75,1.28,broken clouds
300,Abalak,RU,58.1286,68.5944,50.88,98,38,4.36,scattered clouds
301,Burnie,AU,-41.0667,145.9167,49.91,62,82,11.97,broken clouds
302,Sur,OM,22.5667,59.5289,86.63,70,0,12.44,clear sky
303,Copiapo,CL,-27.3667,-70.3333,51.49,62,0,1.23,clear sky
304,Heihe,CN,50.2441,127.4902,66.4,58,12,5.01,few clouds
305,Beloha,MG,-25.1667,45.05,66.79,83,4,14.14,clear sky
306,Puri,IN,19.8,85.85,79.32,79,94,9.28,overcast clouds
307,Hobyo,SO,5.3505,48.5268,78.51,83,79,27.96,broken clouds
308,Biscarrosse,FR,44.3945,-1.1672,64.35,88,0,4.61,clear sky
309,Mount Isa,AU,-20.7333,139.5,53.37,50,89,10.36,overcast clouds
310,Dwarka,IN,22.2394,68.9678,83.23,74,26,10.71,scattered clouds
311,Batticaloa,LK,7.7102,81.6924,81.34,72,100,3.33,overcast clouds
312,Vrangel,RU,42.7297,133.0839,54.86,90,47,7.87,scattered clouds
313,Saint-Augustin,CA,51.226,-58.6502,59.77,69,82,14.38,broken clouds
314,Bathsheba,BB,13.2167,-59.5167,83.01,74,40,23.02,scattered clouds
315,Truth Or Consequences,US,33.1284,-107.2528,100.63,10,0,18.41,clear sky
316,Comodoro Rivadavia,AR,-45.8667,-67.5,57.06,23,0,5.75,clear sky
317,Hofn,IS,64.2539,-15.2082,50.56,75,100,11.23,light rain
318,Rodez,FR,44.5,2.5833,73.08,53,26,6.91,scattered clouds
319,Saldanha,ZA,-33.0117,17.9442,59.05,83,85,11.45,overcast clouds
320,Horki,BY,54.2861,30.9842,58.01,96,22,7.27,few clouds
321,Vostok,RU,46.4856,135.8833,59.56,62,0,2.35,clear sky
322,Ostrovnoy,RU,68.0531,39.5131,50.95,73,54,15.21,broken clouds
323,Arrecife,ES,28.963,-13.5477,71.58,78,75,13.8,broken clouds
324,Aden,YE,12.7794,45.0367,88.65,63,63,5.37,broken clouds
325,Teguldet,RU,57.3064,88.1667,63.45,98,100,6.51,overcast clouds
326,Hovd,MN,48.0056,91.6419,62.89,43,14,5.75,few clouds
327,Altay,CN,47.8667,88.1167,69.24,38,43,7.43,scattered clouds
328,Asau,RO,46.4333,26.4,63.95,100,94,5.37,overcast clouds
329,Barbalha,BR,-7.3111,-39.3042,75.0,88,40,8.05,scattered clouds
330,Bambanglipuro,ID,-7.95,110.2833,74.84,94,85,4.9,overcast clouds
331,Ilhabela,BR,-23.7781,-45.3581,63.43,84,100,3.85,overcast clouds
332,Verkhnevilyuysk,RU,63.4453,120.3167,51.1,73,100,4.68,light rain
333,Uige,AO,-7.6087,15.0613,62.6,45,1,3.53,clear sky
334,Bull Savanna,JM,17.8868,-77.5902,80.58,73,90,11.01,overcast clouds
335,Mayya,RU,61.7333,130.2811,63.32,63,100,6.04,overcast clouds
336,Longyearbyen,SJ,78.2186,15.6401,37.24,81,100,6.91,overcast clouds
337,Buguruslan,RU,53.6554,52.442,51.26,93,56,7.87,broken clouds
338,Mareeba,AU,-17.0,145.4333,63.32,70,97,2.64,overcast clouds
339,Pilot Butte,CA,50.4668,-104.4178,74.82,27,75,10.36,broken clouds
340,Ibimirim,BR,-8.5406,-37.6903,72.61,89,96,2.66,moderate rain
341,Oparino,RU,59.8518,48.2783,39.29,89,60,5.79,broken clouds
342,Gambela,ET,8.25,34.5833,73.94,72,87,3.13,overcast clouds
343,Yar-Sale,RU,66.8333,70.8333,57.6,77,100,13.53,overcast clouds
344,Na Wa,TH,17.4897,104.1006,77.56,89,100,3.56,overcast clouds
345,Shache,CN,38.4167,77.2406,68.72,31,41,4.23,scattered clouds
346,Gornyak,RU,50.9942,81.4661,64.06,75,76,1.57,heavy intensity rain
347,Alta Floresta,BR,-9.8756,-56.0861,71.74,71,90,5.01,overcast clouds
348,Pangai,TO,-19.8,-174.35,79.05,81,91,17.45,overcast clouds
349,Muyezerskiy,RU,63.9333,31.65,56.01,73,55,10.0,light rain
350,San Jeronimo,PE,-11.9472,-75.2829,49.82,72,9,7.49,clear sky
351,Machico,PT,32.7,-16.7667,71.71,77,20,2.3,few clouds
352,Kaeo,NZ,-35.1,173.7833,56.32,96,95,16.89,moderate rain
353,Pareora,NZ,-44.4871,171.2132,43.18,86,66,16.11,light rain
354,Wabag,PG,-5.4781,143.7021,63.23,60,42,1.48,scattered clouds
355,Itaguai,BR,-22.8522,-43.7753,66.67,94,100,4.61,mist
356,Paredon,MX,16.0333,-93.8667,84.0,68,52,4.5,broken clouds
357,Vestmannaeyjar,IS,63.4427,-20.2734,49.19,87,40,25.32,scattered clouds
358,Teya,RU,60.3778,92.6267,60.75,59,100,3.94,overcast clouds
359,Mitchell,US,43.7094,-98.0298,88.11,39,0,0.0,clear sky
360,Manta,EC,-0.95,-80.7333,78.58,73,75,6.91,broken clouds
361,Gidole,ET,5.65,37.3667,56.01,75,54,2.77,broken clouds
362,Umm Kaddadah,SD,13.6017,26.6876,85.77,41,100,8.41,overcast clouds
363,Komsomolskiy,UZ,40.4272,71.7189,74.12,43,14,4.61,few clouds
364,Soverato,IT,38.685,16.5499,73.35,86,9,10.29,clear sky
365,Surt,LY,31.2089,16.5887,72.59,78,0,8.93,clear sky
366,Nemuro,JP,43.3236,145.575,47.89,99,100,8.7,overcast clouds
367,Husavik,IS,66.0449,-17.3389,43.43,99,100,7.83,overcast clouds
368,Vanavara,RU,60.34,102.2797,54.12,56,65,5.77,broken clouds
369,Liverpool,GB,53.4106,-2.9779,58.64,79,20,13.8,few clouds
370,Laguna,US,38.421,-121.4238,102.15,31,0,12.66,clear sky
371,Faya,SA,18.3851,42.4509,71.71,25,3,2.46,clear sky
372,Villa Bruzual,VE,9.3328,-69.1208,80.15,74,100,0.43,overcast clouds
373,Bosaso,SO,11.2842,49.1816,93.33,36,81,11.97,broken clouds
374,Pandan,PH,14.0453,124.1694,82.29,78,33,7.99,scattered clouds
375,Contai,IN,21.7786,87.7536,84.04,85,19,10.76,few clouds
376,Vila Franca Do Campo,PT,37.7167,-25.4333,66.2,93,100,6.62,light rain
377,Laem Sing,TH,12.4816,102.0738,84.15,100,100,3.67,overcast clouds
378,Dustlik,UZ,40.5247,68.0358,70.84,52,20,5.79,few clouds
379,Kurumkan,RU,54.3,110.3,60.08,73,54,1.86,broken clouds
380,Urumqi,CN,43.801,87.6005,79.75,20,0,11.18,clear sky
381,Bilibino,RU,68.0546,166.4372,61.23,21,45,14.03,scattered clouds
382,Sterling,US,39.0062,-77.4286,73.35,75,75,5.01,broken clouds
383,Pisco,PE,-13.7,-76.2167,64.45,77,0,5.75,clear sky
384,Klamath Falls,US,42.2249,-121.7817,75.96,40,75,23.02,broken clouds
385,Inirida,CO,3.8653,-67.9239,73.8,96,98,3.11,overcast clouds
386,Bouza,NE,14.4229,6.0428,85.57,44,6,7.05,light rain
387,Severo-Kurilsk,RU,50.6789,156.125,46.74,78,83,9.19,broken clouds
388,Neuquen,AR,-38.9516,-68.0591,46.29,57,0,0.0,clear sky
389,Norwalk,US,33.9022,-118.0817,101.79,55,20,10.36,few clouds
390,Narsaq,GL,60.9167,-46.05,52.02,90,100,3.69,light rain
391,Waipawa,NZ,-41.4122,175.5153,54.39,70,100,9.57,heavy intensity rain
392,San Cristobal,VE,7.7669,-72.225,77.18,86,93,3.29,overcast clouds
393,Amposta,ES,40.7131,0.581,77.23,78,24,4.12,few clouds
394,Port Macquarie,AU,-31.4333,152.9167,52.14,54,0,6.76,clear sky
395,Nerchinsk,RU,51.9833,116.5833,62.58,62,98,3.65,overcast clouds
396,Hubli,IN,15.35,75.1667,70.92,89,95,9.44,overcast clouds
397,Salalah,OM,17.0151,54.0924,86.09,84,75,4.61,broken clouds
398,Palmer,US,42.1584,-72.3287,75.81,51,97,2.64,overcast clouds
399,Brainerd,US,46.358,-94.2008,75.45,56,75,9.22,broken clouds
400,Siguiri,GN,11.6667,-9.5,86.13,45,86,9.13,overcast clouds
401,Tazmalt,DZ,36.3868,4.3989,68.23,41,0,2.98,clear sky
402,Talnakh,RU,69.4865,88.3972,61.21,43,89,8.95,overcast clouds
403,Sao Felix Do Xingu,BR,-6.6447,-51.995,77.92,69,85,1.63,overcast clouds
404,Gobabis,NA,-22.45,18.9667,50.04,52,0,12.57,clear sky
405,Ginda,IN,30.6945,78.4932,66.74,37,4,6.82,clear sky
406,Marzuq,YE,14.4,46.4667,79.81,36,76,4.09,broken clouds
407,Uren,RU,57.4552,45.7852,44.01,82,1,5.66,clear sky
408,Gimli,CA,50.6336,-96.9907,66.22,72,89,8.05,overcast clouds
409,Malatya,TR,38.5,38.0,69.85,43,0,2.3,clear sky
410,Neryungri,RU,56.6709,124.6491,64.6,55,70,1.14,broken clouds
411,Cururupu,BR,-1.8283,-44.8683,74.86,94,92,3.4,overcast clouds
412,Catamarca,AR,-28.4696,-65.7852,58.77,53,0,7.14,clear sky
413,Uribia,CO,11.7139,-72.266,87.31,57,85,16.58,overcast clouds
414,Soloneshnoye,RU,51.6544,84.3197,63.23,86,96,5.48,moderate rain
415,Port Hawkesbury,CA,45.6169,-61.3485,73.35,56,0,6.91,clear sky
416,San Rafael,AR,-34.6177,-68.3301,53.56,33,2,11.21,clear sky
417,Sibolga,ID,1.7427,98.7792,75.09,90,100,2.37,overcast clouds
418,Vitim,RU,59.4511,112.5578,53.91,81,50,2.95,scattered clouds
419,Derby,GB,52.9228,-1.4766,57.51,67,0,16.11,clear sky
420,Togur,RU,58.3631,82.8265,57.6,93,80,6.49,broken clouds
421,Abu Dhabi,AE,24.4667,54.3667,87.82,60,0,4.61,clear sky
422,Tigil,RU,57.8,158.6667,45.09,77,100,15.7,light rain
423,Aras,ES,42.5617,-2.356,66.61,78,0,5.75,clear sky
424,Kortkeros,RU,61.8106,51.5806,42.8,86,100,9.66,overcast clouds
425,Bethanien,NA,-26.502,17.1583,59.45,31,21,7.11,few clouds
426,Sabha,LY,27.0377,14.4283,82.24,24,0,15.84,clear sky
427,Phuket,TH,8.0,98.25,84.13,89,20,4.61,few clouds
428,Geraldton,AU,-28.7667,114.6,63.01,94,75,10.36,broken clouds
429,Munxar,MT,36.0307,14.2348,71.51,83,0,4.0,clear sky
430,Saint-Michel-Des-Saints,CA,46.6834,-73.9159,61.52,68,65,4.03,broken clouds
431,Zhanakorgan,KZ,43.9098,67.2495,71.98,54,100,5.12,overcast clouds
432,Northam,GB,51.0333,-4.2167,56.25,88,41,11.92,scattered clouds
433,Viedma,AR,-40.8135,-62.9967,51.49,35,48,10.76,scattered clouds
434,Guerrero Negro,MX,27.9769,-114.0611,73.9,59,2,18.84,clear sky
435,Tucuman,AR,-26.8241,-65.2226,57.2,72,20,4.61,few clouds
436,Alugan,PH,12.2188,125.4808,81.05,78,69,6.62,broken clouds
437,Nizhniy Baskunchak,RU,48.2198,46.8311,72.34,60,28,7.87,scattered clouds
438,Anadyr,RU,64.75,177.4833,43.3,65,0,15.66,clear sky
439,Birjand,IR,32.8663,59.2211,72.07,35,0,13.8,clear sky
440,Buala,SB,-8.145,159.5921,83.52,69,86,7.45,overcast clouds
441,Igarka,RU,67.4667,86.5833,60.24,46,100,11.32,overcast clouds
442,Porgera,PG,-5.4667,143.2,50.04,75,28,1.41,scattered clouds
443,Aksu,CN,41.1231,80.2644,74.43,30,47,8.97,scattered clouds
444,La Ronge,CA,55.1001,-105.2842,66.42,59,75,6.91,broken clouds
445,Abilene,US,32.4487,-99.7331,107.82,16,0,14.97,clear sky
446,Galveston,US,29.3669,-94.9669,98.19,70,0,20.71,clear sky
447,Ulladulla,AU,-35.35,150.4667,54.5,56,1,13.8,clear sky
448,Nizhnevartovsk,RU,60.9344,76.5531,55.02,100,0,4.47,clear sky
449,Pahalgam,IN,34.0333,75.3333,53.04,64,69,4.76,broken clouds
450,Pokhara,NP,28.2333,83.9833,71.92,71,75,6.24,broken clouds
451,San Policarpo,PH,12.1791,125.5072,81.37,77,73,6.73,broken clouds
452,Pafos,CY,34.7667,32.4167,74.98,73,20,12.66,few clouds
453,Belmonte,BR,-15.8631,-38.8828,74.93,85,49,6.82,scattered clouds
454,Parana,AR,-31.732,-60.5238,53.51,58,0,3.4,clear sky
455,Nishihara,JP,26.1842,127.7558,76.28,94,100,3.44,overcast clouds
456,Cockburn Town,TC,21.4612,-71.1419,84.16,70,40,16.11,scattered clouds
457,Thiruvananthapuram,IN,8.4833,76.9167,80.58,89,40,0.0,mist
458,Oxbow,CA,49.2333,-102.1676,75.63,46,79,8.9,broken clouds
459,Iwaki,JP,37.05,140.8833,66.78,94,100,7.52,moderate rain
460,Tura,IN,25.5198,90.2201,74.14,98,96,8.01,light rain
461,Barguzin,RU,53.6167,109.6167,57.63,69,51,2.75,broken clouds
462,Stephenville,US,32.2207,-98.2023,105.76,17,0,11.5,clear sky
463,Namuac,PH,18.6109,121.1657,81.64,83,100,5.32,overcast clouds
464,Santa Cruz,BO,-17.8,-63.1667,66.25,42,99,12.66,overcast clouds
465,Nong Phai,TH,15.9903,101.0618,76.89,90,100,2.3,overcast clouds
466,Szczytno,PL,53.5626,20.9875,53.53,100,0,1.14,clear sky
467,Marang,MY,5.2056,103.2059,76.93,87,100,3.18,overcast clouds
468,Aswan,EG,24.0934,32.907,94.3,10,0,3.44,clear sky
469,Lucapa,AO,-8.4192,20.7447,63.88,48,4,3.18,clear sky
470,Pyapon,MM,16.2833,95.6833,78.66,88,100,4.52,overcast clouds
471,Inta,RU,66.0317,60.1659,42.15,76,100,15.21,overcast clouds
472,Andenes,NO,69.3143,16.1194,44.58,93,100,5.75,overcast clouds
473,Katsuura,JP,35.1333,140.3,64.69,90,100,23.26,moderate rain
474,Cherrapunji,IN,25.3,91.7,60.96,98,100,0.4,moderate rain
475,Henties Bay,NA,-22.116,14.2845,64.83,57,0,1.05,clear sky
476,Klaksvik,FO,62.2266,-6.589,50.92,94,77,11.54,broken clouds
477,Lashio,MM,22.9333,97.75,67.53,99,99,1.43,overcast clouds
478,Leningradskiy,RU,69.3833,178.4167,38.44,65,93,9.46,overcast clouds
479,Merauke,ID,-8.4667,140.3333,79.11,85,99,15.1,overcast clouds
480,Gat,IL,31.61,34.7642,84.4,27,0,4.47,clear sky
481,Bose,IT,45.4612,8.0137,70.29,56,0,5.26,clear sky
482,Clarence Town,AU,-32.5833,151.7833,55.62,58,0,15.41,clear sky
483,Dolzhanskaya,RU,46.6311,37.8039,72.34,64,7,13.35,clear sky
484,Miri,MY,4.4148,114.0089,75.34,100,40,2.3,moderate rain
485,Ossora,RU,59.2353,163.0719,47.3,72,100,5.21,overcast clouds
486,Sartell,US,45.6216,-94.2069,76.03,63,75,10.36,broken clouds
487,Kpandae,GH,8.4689,-0.0113,74.84,91,80,9.37,light rain
488,Culpeper,US,38.5004,-77.9664,76.59,79,100,4.61,light rain
489,Payo,ID,-3.7508,103.6372,70.84,98,100,1.74,overcast clouds
490,Katima Mulilo,NA,-17.5,24.2667,53.11,67,0,5.14,clear sky
491,Verkhnechusovskiye Gorodki,RU,58.1671,57.1086,43.5,89,100,8.52,overcast clouds
492,Pahrump,US,36.2083,-115.9839,107.26,9,0,7.0,clear sky
493,Tenamaxtlan,MX,20.2167,-104.1667,80.08,51,64,10.0,broken clouds
494,Yuancheng,CN,36.652,107.7896,62.76,61,92,3.2,overcast clouds
495,Along,IN,28.1667,94.7667,73.27,99,99,1.41,overcast clouds
496,Carahue,CL,-38.7,-73.1667,46.33,86,96,0.58,overcast clouds
497,Sao Luiz Gonzaga,BR,-28.4083,-54.9608,40.15,72,0,3.74,clear sky
498,Washington Terrace,US,41.1727,-111.9766,92.48,17,0,8.05,clear sky
499,Chulman,RU,56.8479,124.9104,61.84,66,79,2.46,broken clouds
500,Quesnel,CA,52.9999,-122.5029,59.5,63,75,6.91,broken clouds
501,Srednekolymsk,RU,67.45,153.6833,62.17,40,23,6.31,few clouds
502,Denpasar,ID,-8.65,115.2167,76.66,94,75,5.75,broken clouds
503,Sao Joao Da Barra,BR,-21.6403,-41.0511,68.11,84,100,7.43,overcast clouds
504,Turukhansk,RU,65.8167,87.9833,63.34,44,100,9.93,overcast clouds
505,Zaraza,VE,9.3503,-65.3245,78.84,77,89,4.63,overcast clouds
506,Pathein,MM,16.7833,94.7333,78.4,89,99,4.65,overcast clouds
507,Port-Cartier,CA,50.0334,-66.8654,69.48,69,64,7.34,broken clouds
508,Svetlyy,RU,54.675,20.1347,60.85,90,9,6.89,clear sky
509,Jos,NG,9.9167,8.9,66.78,87,15,2.93,light rain
510,San Joaquin,US,37.9333,-121.3011,98.85,27,3,16.64,clear sky
511,Ixtapa,MX,20.7,-105.2,85.23,79,20,13.8,few clouds
512,Sabzevar,IR,36.2126,57.6819,72.68,43,20,13.8,few clouds
513,Bonthe,SL,7.5264,-12.505,79.36,81,99,7.05,overcast clouds
514,Turka,UA,49.1541,23.0297,57.9,84,94,5.41,overcast clouds
515,Maceio,BR,-9.6658,-35.7353,74.64,94,75,1.14,broken clouds
516,Slave Lake,CA,55.2834,-114.769,60.78,67,75,4.61,broken clouds
517,Taoudenni,ML,22.6783,-3.9836,105.26,7,68,4.43,broken clouds
518,Itarema,BR,-2.9248,-39.9167,76.41,80,21,8.77,few clouds
519,Chaozhou,CN,23.6651,116.6379,75.06,96,100,3.04,overcast clouds
520,Skagen,DK,57.7209,10.5839,54.82,89,28,19.17,scattered clouds
521,Lisakovsk,KZ,52.5369,62.4936,55.49,88,42,7.99,scattered clouds
522,Butembo,CD,0.15,29.2833,56.8,93,37,3.51,scattered clouds
523,Paracuru,BR,-3.41,-39.0306,81.1,83,10,6.87,clear sky
524,Lamu,KE,-2.2717,40.902,75.42,85,47,17.9,light rain
525,Brunico,IT,46.7958,11.9364,60.66,87,0,2.91,clear sky
526,Vila Velha,BR,-20.3297,-40.2925,71.55,84,100,10.36,moderate rain
527,Qasigiannguit,GL,68.8193,-51.1922,37.65,80,61,6.26,broken clouds
528,Khash,IR,28.2211,61.2158,79.77,44,10,4.34,clear sky
529,Carlisle,US,40.2015,-77.1889,72.81,55,46,5.73,scattered clouds
530,Satuba,BR,-9.5633,-35.8244,74.21,94,75,1.14,broken clouds
531,Khasan,RU,42.4308,130.6434,56.8,88,83,0.81,broken clouds
532,San Isidro,PE,-12.1167,-77.05,71.02,71,100,11.5,overcast clouds
533,Toppenish,US,46.3774,-120.3087,79.36,43,39,15.59,scattered clouds
534,Lae,PG,-6.7221,146.9847,82.58,66,56,4.05,broken clouds
535,Sobolevo,RU,54.4299,31.8996,58.37,97,39,6.26,scattered clouds
536,Actopan,MX,20.2667,-98.9333,75.72,36,5,18.48,clear sky
537,Nyurba,RU,63.2842,118.3319,49.42,83,100,5.82,light rain
538,Aklavik,CA,68.2191,-135.0107,37.4,87,100,12.66,overcast clouds
539,Sorland,NO,67.667,12.6934,48.06,95,96,8.41,overcast clouds
540,Kingsport,US,36.5484,-82.5618,81.79,52,100,3.0,overcast clouds
541,Korla,CN,41.7597,86.1469,77.4,23,42,9.93,scattered clouds
542,Clyde River,CA,70.4692,-68.5914,34.03,86,100,12.66,overcast clouds
543,Noyabrsk,RU,63.1994,75.4507,56.37,93,100,5.39,overcast clouds
544,San Nicolas,PH,18.1725,120.5953,76.91,94,75,3.44,broken clouds
545,Dukat,RU,62.55,155.55,34.66,100,100,3.06,snow
546,Margate,GB,51.3813,1.3862,58.69,79,55,3.0,broken clouds
547,Maragogi,BR,-9.0122,-35.2225,76.01,85,10,4.9,clear sky
548,Lahat,ID,-3.8,103.5333,70.93,97,100,2.19,overcast clouds
549,Kenora,CA,49.8167,-94.4337,76.17,31,75,4.61,broken clouds
550,Yumen,CN,40.2833,97.2,61.99,13,0,4.79,clear sky
551,Conakry,GN,9.538,-13.6773,80.67,78,40,0.0,scattered clouds
552,Andros Town,BS,24.7,-77.7667,85.96,68,46,7.61,scattered clouds
553,Pulawy,PL,51.4166,21.9694,57.94,85,1,3.36,clear sky
554,Kieta,PG,-6.2167,155.6333,82.76,75,5,6.29,light rain
555,Saskatoon,CA,52.1168,-106.6345,71.17,35,100,8.05,overcast clouds
556,Harij,IN,23.7,71.9,85.91,61,78,8.72,broken clouds
557,Bauchi,NG,10.5,10.0,77.47,70,36,2.62,scattered clouds
558,Aguimes,ES,27.9054,-15.4461,68.63,75,20,29.93,few clouds
559,Beringovskiy,RU,63.05,179.3167,38.59,77,49,8.03,scattered clouds
560,Guhagar,IN,17.4842,73.1929,78.48,88,100,7.56,overcast clouds
561,Sept-Iles,CA,50.2001,-66.3821,69.8,68,75,10.36,broken clouds
562,Piscu,RO,45.5,27.7333,64.72,89,100,8.48,overcast clouds
563,Svetlogorsk,BY,52.6333,29.7333,59.07,95,12,6.02,few clouds
564,Nome,US,64.5011,-165.4064,52.16,40,20,9.22,few clouds
565,Port Hardy,CA,50.6996,-127.4199,59.18,63,75,12.66,broken clouds
566,Myitkyina,MM,25.3833,97.4,73.74,99,100,0.45,overcast clouds
567,Indramayu,ID,-6.3264,108.32,76.95,86,95,5.01,overcast clouds
568,Santa Ines,BR,-3.6667,-45.38,73.35,96,79,2.44,broken clouds
569,Thinadhoo,MV,0.5333,72.9333,83.97,71,100,11.18,moderate rain
570,Fort Nelson,CA,58.8053,-122.7002,67.59,42,75,9.22,broken clouds
571,Pangkalanbuun,ID,-2.6833,111.6167,73.38,98,98,1.23,overcast clouds
572,Zhezkazgan,KZ,47.8043,67.7144,63.84,44,78,3.13,broken clouds
573,Jogighopa,IN,26.2333,90.5833,76.03,95,42,1.01,heavy intensity rain
574,Kununurra,AU,-15.7667,128.7333,60.78,36,67,5.75,broken clouds
575,Santa Rosa,PH,14.3122,121.1114,84.09,80,89,1.03,overcast clouds
576,Hatillo,PR,18.4863,-66.8254,85.08,84,81,7.0,broken clouds
577,Aksarka,RU,66.5606,67.7975,52.14,81,93,18.84,overcast clouds
578,Kamariotissa,GR,40.4833,25.4667,70.7,74,99,14.03,overcast clouds
579,Kosum Phisai,TH,16.2486,103.0674,83.08,74,100,7.9,overcast clouds
580,Tilichiki,RU,60.4667,166.1,40.95,77,100,6.89,overcast clouds
581,Salamiyah,SY,35.0113,37.0532,75.31,28,0,6.64,clear sky
582,Beian,NO,63.6559,9.5683,56.01,87,75,3.44,broken clouds
583,Matadi,CD,-5.8167,13.45,71.74,89,3,2.84,clear sky
584,Key Largo,US,25.0865,-80.4473,84.99,67,3,5.28,clear sky
585,Naryan-Mar,RU,67.6713,53.087,37.96,77,18,8.81,few clouds
586,Robertson,US,36.5167,-86.8667,87.78,51,40,5.75,scattered clouds
587,Roald,NO,62.5833,6.1333,58.33,72,100,6.91,overcast clouds
588,Ukiah,US,39.1502,-123.2078,89.44,50,0,10.36,clear sky
589,Erenhot,CN,43.6475,111.9767,56.25,61,86,21.0,overcast clouds
590,Opuwo,NA,-18.0607,13.84,58.15,44,0,5.41,clear sky
591,Sakaide,JP,34.3167,133.85,72.63,94,20,8.05,few clouds
592,Cape Coast,GH,5.1053,-1.2466,78.28,78,97,10.02,overcast clouds
593,Syracuse,IT,37.0881,15.2792,72.99,74,0,7.63,clear sky
594,Bud,US,39.447,-86.1758,78.78,77,99,7.58,overcast clouds
595,Hirara,JP,24.8,125.2833,79.07,94,75,8.05,light intensity shower rain
596,Quirinopolis,BR,-18.4483,-50.4517,67.01,64,100,6.33,overcast clouds
597,Ulcinj,ME,41.9294,19.2244,77.22,70,15,9.51,few clouds
598,Inuvik,CA,68.3499,-133.7218,47.41,78,100,9.22,overcast clouds
599,Batsfjord,NO,70.6345,29.7185,56.98,54,100,3.44,overcast clouds
600,Gunjur,GM,13.2019,-16.7339,78.87,83,75,8.05,broken clouds
601,Elat,IL,29.5581,34.9482,93.04,13,0,9.22,clear sky
602,Garowe,SO,8.4054,48.4845,78.93,57,100,22.82,overcast clouds
603,Roebourne,AU,-20.7833,117.1333,71.53,73,10,10.56,clear sky
604,Diffa,NE,13.3154,12.6113,85.39,49,45,16.6,scattered clouds
605,Cabedelo,BR,-6.9811,-34.8339,74.07,79,13,6.98,few clouds
606,Sao Filipe,CV,14.8961,-24.4956,74.57,81,10,8.75,clear sky
607,Cuiaba,BR,-15.5961,-56.0967,66.13,88,100,5.75,overcast clouds
608,Patiala,IN,30.3267,76.4003,91.8,19,14,5.01,few clouds
609,Canatlan,MX,24.5167,-104.7833,89.33,16,52,17.29,broken clouds
610,Menemen,TR,38.6075,27.0694,67.78,94,75,4.61,broken clouds
611,Lokosovo,RU,61.1333,74.8167,53.94,96,67,5.55,broken clouds
612,Lazaro Cardenas,MX,17.9583,-102.2,86.07,65,83,8.81,broken clouds
613,Grindavik,IS,63.8424,-22.4338,49.95,81,75,17.27,broken clouds
614,Hudiksvall,SE,61.729,17.1036,56.28,67,1,8.39,clear sky
615,Sorong,ID,-0.8833,131.25,81.36,79,44,8.16,scattered clouds
616,Obo,CF,5.3998,26.4869,68.56,94,72,1.86,broken clouds
617,Ratnagiri,IN,16.9833,73.3,78.17,88,100,7.92,light rain
618,Iracoubo,GF,5.4802,-53.2011,77.11,88,14,7.52,few clouds
619,Vestmanna,FO,62.1564,-7.1664,49.12,93,100,14.97,light rain
620,Muzhi,RU,65.3667,64.6667,52.56,72,46,18.79,scattered clouds
621,Barra Dos Coqueiros,BR,-10.9089,-37.0386,77.02,88,75,4.61,broken clouds
622,Haines Junction,CA,60.7522,-137.5108,64.35,32,100,4.61,overcast clouds
623,Sarkand,KZ,45.41,79.9186,66.87,51,58,7.47,broken clouds
624,Santa Maria Do Suacui,BR,-18.1903,-42.4142,70.2,50,67,2.68,broken clouds
625,Carutapera,BR,-1.195,-46.02,76.21,91,80,5.86,broken clouds
626,Dhidhdhoo,MV,6.8833,73.1,82.81,77,100,13.6,overcast clouds
627,Saiha,IN,22.4833,92.9667,68.79,96,68,2.37,broken clouds
628,Khor,RU,47.8861,134.9464,61.16,72,4,5.01,clear sky
629,Kautokeino,NO,69.0125,23.0412,53.29,90,100,1.61,light rain
630,Nizwa,OM,22.9333,57.5333,86.27,26,0,2.82,clear sky
631,Challapata,BO,-18.9,-66.7667,39.96,27,0,3.38,clear sky
632,Pogranichnyy,RU,44.4064,131.3769,68.31,57,7,2.48,clear sky
633,Sao Jose Da Coroa Grande,BR,-8.8978,-35.1478,76.51,84,13,5.21,few clouds
634,Kyra,RU,49.5776,111.9753,55.83,86,96,7.72,overcast clouds
635,Karangasem,ID,-8.45,115.6167,77.14,83,99,0.51,moderate rain
636,Uray,RU,60.1247,64.7758,53.35,93,100,5.61,overcast clouds
637,San Quintin,MX,30.4833,-115.95,72.18,68,7,15.03,clear sky
638,Labelle,US,26.7617,-81.4384,82.98,59,61,10.98,broken clouds
639,Coahuayana,MX,18.7333,-103.6833,87.53,61,96,5.97,overcast clouds
640,Harare,ZW,-17.8294,31.0539,48.24,89,5,4.18,clear sky
641,Caraballeda,VE,10.6112,-66.8522,83.86,88,75,8.05,broken clouds
642,Coquimbo,CL,-29.9533,-71.3436,53.33,82,75,2.3,broken clouds
643,Provideniya,RU,64.3833,-173.3,38.89,68,96,1.23,overcast clouds
644,Wanxian,CN,30.8039,108.3897,69.22,94,100,2.37,overcast clouds
645,Qaqortoq,GL,60.7167,-46.0333,40.42,94,100,6.13,moderate rain
646,Peterhead,GB,57.5058,-1.7981,55.8,78,79,12.68,broken clouds
647,Ponta Do Sol,PT,32.6667,-17.1,71.71,70,0,3.96,clear sky
648,Bafoulabe,ML,13.8065,-10.8321,92.26,37,99,5.66,overcast clouds
649,Niceville,US,30.5169,-86.4822,89.58,71,0,9.22,clear sky
650,Liezen,AT,47.5667,14.2333,58.84,89,22,3.78,few clouds
651,Manzhouli,CN,49.6,117.4333,56.41,93,100,14.52,moderate rain
652,Kambove,CD,-10.8764,26.5969,53.71,71,1,4.36,clear sky
653,Port Lincoln,AU,-34.7333,135.8667,55.15,62,76,6.67,broken clouds
654,Sedhiou,SN,12.7081,-15.5569,81.79,68,100,7.2,overcast clouds
655,Lianran,CN,24.9227,102.485,61.34,97,100,2.75,overcast clouds
656,Gaziantep,TR,37.0594,37.3825,74.55,46,0,3.44,clear sky
657,Pingxiang,CN,27.6167,113.85,69.64,98,100,2.39,overcast clouds
658,Ambulu,ID,-8.345,113.6058,74.95,88,72,2.84,broken clouds
659,Bay Roberts,CA,47.5999,-53.2648,67.75,74,68,13.2,broken clouds
660,Kamaishi,JP,39.2667,141.8833,61.09,97,100,6.04,overcast clouds
661,Kysyl-Syr,RU,63.8986,122.7617,52.65,84,96,4.27,moderate rain
662,Khandyga,RU,62.6667,135.6,63.77,51,75,5.88,broken clouds
663,Meadow Lake,US,34.8014,-106.5436,98.2,16,19,22.88,few clouds
664,Oga,IT,46.4631,10.347,57.88,78,0,4.74,clear sky
665,Naron,ES,43.5167,-8.1528,66.69,88,96,15.61,overcast clouds
666,Ankang,CN,32.68,109.0172,69.15,94,100,2.71,overcast clouds
667,Maniwaki,CA,46.3834,-75.966,68.38,49,98,11.5,overcast clouds
668,Itanhem,BR,-17.1664,-40.33,68.36,96,32,8.43,scattered clouds
669,Hervey Bay,AU,-25.2986,152.8535,51.03,78,88,3.0,overcast clouds
670,Kamennomostskiy,RU,44.2983,40.1856,59.85,75,15,5.21,few clouds
671,Cascais,PT,38.6979,-9.4215,71.46,70,0,20.0,clear sky
672,Pitimbu,BR,-7.4706,-34.8086,73.99,80,12,6.64,few clouds
673,Siderno,IT,38.2779,16.302,69.33,86,11,11.97,few clouds
674,Woodward,US,36.4337,-99.3904,104.97,34,0,16.11,clear sky
675,Devils Lake,US,48.1128,-98.8651,78.91,59,20,4.61,few clouds
676,Diamantino,BR,-14.4086,-56.4461,63.0,84,100,6.08,light rain
677,Tezu,IN,27.9167,96.1667,73.8,100,100,2.33,overcast clouds
678,Schwanewede,DE,53.2333,8.6,58.86,88,18,3.44,few clouds
679,Saint-Georges,GD,12.0564,-61.7485,82.08,78,75,23.02,broken clouds
680,Pacific Grove,US,36.6177,-121.9166,85.44,66,0,10.36,clear sky
681,Kontagora,NG,10.3999,5.4695,74.35,84,40,4.03,moderate rain
682,Lukovetskiy,RU,64.2956,41.9211,43.27,73,19,4.54,few clouds
683,Tynda,RU,55.1667,124.7167,66.92,47,2,3.38,clear sky
684,Markala,ML,13.7021,-6.0659,97.92,20,49,6.96,scattered clouds
685,Kopayhorod,UA,48.8592,27.7969,59.49,94,63,8.46,broken clouds
686,Wanning,CN,18.8003,110.3967,81.27,89,100,10.0,overcast clouds
687,Antalaha,MG,-14.9003,50.2788,71.35,74,60,10.38,broken clouds
688,Grand Baie,MU,-20.0182,57.5802,68.47,77,56,19.22,light rain
689,San Fernando,PH,15.0286,120.6898,83.93,78,69,3.24,broken clouds
690,Datong,CN,40.0936,113.2914,63.86,54,100,8.99,overcast clouds
691,Kasama,ZM,-10.2129,31.1808,53.28,79,21,5.77,few clouds
692,Leshan,CN,29.5623,103.7639,68.23,98,100,2.15,overcast clouds
693,Porto Novo,BJ,6.4965,2.6036,76.82,92,100,5.06,light rain
694,Novorudnyy,RU,51.5026,58.1873,57.09,81,100,6.15,overcast clouds
695,Viana,BR,-20.3903,-40.4961,71.37,94,100,2.53,light rain
696,Bandarbeyla,SO,9.4942,50.8122,79.2,77,100,25.97,overcast clouds
697,Anori,BR,-3.7728,-61.6442,74.12,89,95,1.54,light rain
698,Trabzon,TR,40.9167,39.8333,68.09,94,75,4.61,thunderstorm with light rain
699,Hiriyur,IN,13.9456,76.6192,74.12,75,90,6.24,overcast clouds
700,Sabang,ID,5.8933,95.3214,82.89,71,100,16.67,overcast clouds
701,Victor Harbor,AU,-35.5667,138.6167,49.68,70,100,10.98,overcast clouds
702,Basco,PH,20.4487,121.9702,83.75,74,100,3.42,overcast clouds
703,Gayny,RU,60.3071,54.3241,40.64,94,100,10.29,moderate rain
704,Lensk,RU,60.7253,114.9278,52.0,70,9,5.35,clear sky
705,Monte Patria,CL,-30.6919,-70.9467,61.63,48,0,1.61,clear sky
706,Alihe,CN,50.5667,123.7167,66.09,48,97,3.36,overcast clouds
707,Shitanjing,CN,39.2342,106.3439,63.07,17,43,3.87,scattered clouds
708,Erzin,TR,36.9559,36.2,71.02,68,1,1.05,clear sky
709,Damghan,IR,36.1683,54.348,67.86,47,5,3.09,clear sky
710,Aksarayskiy,RU,46.7924,48.0119,71.17,40,0,8.63,clear sky
711,Hay River,CA,60.8156,-115.7999,58.98,94,100,4.61,moderate rain
712,Mao,ES,39.8885,4.2658,68.56,94,0,2.3,clear sky
713,Naica,MX,27.85,-105.4833,100.44,8,0,9.8,clear sky
714,Tabou,CI,4.423,-7.3528,76.1,88,100,6.51,light rain
715,Jiwani,PK,25.05,61.7417,82.89,84,95,11.99,overcast clouds
716,Middelburg,ZA,-25.7751,29.4648,46.89,58,0,2.08,clear sky
717,Kyabram,AU,-36.3167,145.05,47.88,69,100,13.22,overcast clouds
718,Veraval,IN,20.9,70.3667,82.78,78,74,9.86,broken clouds
719,Midyat,TR,37.4247,41.3393,77.67,27,10,5.88,clear sky
720,Sao Felipe,BR,-14.8167,-41.3833,72.18,39,9,4.65,clear sky
721,Morlaix,FR,48.5833,-4.0,57.25,94,20,3.44,fog
722,Hambantota,LK,6.1241,81.1185,80.04,80,100,16.08,overcast clouds
723,Antsohihy,MG,-14.8796,47.9875,71.94,59,1,10.27,clear sky
724,Luoyang,CN,34.6836,112.4536,72.81,79,100,5.23,overcast clouds
725,Karpogory,RU,64.0019,44.4451,40.55,78,1,2.15,clear sky
726,Qazvin,IR,36.2797,50.0049,65.82,48,0,4.61,clear sky
727,La Romana,DO,18.4273,-68.9728,84.56,74,40,4.61,light rain
728,Sungaipenuh,ID,-2.0833,101.3833,63.18,99,100,1.05,overcast clouds
729,Sozimskiy,RU,59.7418,52.2482,39.09,96,100,9.66,overcast clouds
730,Masallatah,LY,32.6167,14.0,67.28,81,0,9.19,clear sky
731,Port Harcourt,NG,4.7774,7.0134,73.53,92,84,4.25,broken clouds
